url_path,views_total,views_unique
/ulfsri/firepydaq,9,4
/ulfsri/firepydaq/blob/main/firepydaq/utilities/DAQUtils.py,2,1
/ulfsri/firepydaq/tree/main/firepydaq/acquisition,2,1
/ulfsri/firepydaq/blob/firepydaq-stats/ulfsri/firepydaq/latest-report/report.pdf,1,1
/ulfsri/firepydaq/blob/main/docs/conf.py,1,1
/ulfsri/firepydaq/blob/main/firepydaq/acquisition/NIAOtab.py,1,1
/ulfsri/firepydaq/blob/main/firepydaq/api/EchoAlicat.py,1,1
/ulfsri/firepydaq/blob/main/firepydaq/api/EchoNIDAQTask.py,1,1
/ulfsri/firepydaq/blob/main/firepydaq/utilities/ErrorUtils.py,1,1
/ulfsri/firepydaq/graphs/traffic,1,1
